x,y
1., 1.
1.1299318650614862, 0.9792445085490386
1.2602566891675993, 0.9175944185142743
1.3762679498649173, 0.8303614396564836
1.4791833923917854, 0.7298461126252869
1.5723931008295535, 0.6223045500641246
1.6586892179202026, 0.5108125789466303
1.740082154954353, 0.39702945228629866
1.8180319599393373, 0.28195841058709126
1.8936481365568076, 0.16628115944365063
1.967824001280039, 0.050520425220392615
2.0413261075225133, -0.06486931621167327
2.114857360476927, -0.1794403321714686
2.1891059062828315, -0.2926976825767813
2.264787079499435, -0.4040376782195121
2.3426819299050226, -0.5126629923913382
2.423670841114724, -0.6174529867178401
2.5087495285079786, -0.7167579763105463
2.5989836845683243, -0.8080776090498937
2.6952667471351477, -0.8876065199154661
2.797471523280348, -0.9498216886980033
2.901884696133991, -0.9881471318011322
2.999999982134596, -0.9999999999999996
3.129931865061507, -0.9792445085490321
3.2602566891676243, -0.9175944185142585
3.3762679498649573, -0.8303614396564488
3.479183392391853, -0.7298461126252148
3.572393100829676, -0.6223045500639743
3.6586892179204327, -0.51081257894632
3.7400821549547962, -0.39702945228566033
3.8180319599401993, -0.2819584105857918
3.8936481365585007, -0.1662811594410288
3.9678240012833874, -0.05052042521513956
4.041326107529178, 0.06486931622211906
4.114857360490257, 0.17944033219206604
4.189105906309622, 0.29269768261701895
4.264787079553548, 0.40403767829726545
4.342681930014911, 0.5126629925395416
4.423670841339207, 0.617452986995211
4.50874952896967, 0.7167579768162599
4.598983685525334, 0.8080776099354321
4.695266749136437, 0.8876065213634243
4.797471527501487, 0.949821690771985
4.901884705066705, 0.9881471339551005
5.000000000000017, 1.
5.136770382119202, 0.977010855442398
5.266461955404096, 0.9136762005223964
5.38174132524696, 0.8255400339302734
5.48408756006272, 0.7245583432919737
5.576889199675362, 0.6167607611387943
5.662895597649921, 0.5051211697596913
5.744083602315597, 0.39125281658268857
5.82189138996341, 0.27613685753431805
5.8974147771399945, 0.16044402683631923
5.971538749743277, 0.0446919362550912
6.045025130341755, -0.07066636194841582
6.118574645311175, -0.1851815626722321
6.1928751386388114, -0.2983539189521154
6.268642912392811, -0.4095705792149539
6.346660298141311, -0.5180184525771936
6.4278071428418775, -0.6225507349777579
6.513071548766562, -0.7214755507259722
6.603491215424268, -0.8122282204925121
6.6998769182568605, -0.8909187346703102
6.801875493858918, -0.9519627577535056
6.9051981018699164, -0.9889327144105364
6.999999982047285, -0.9999999999999996
7.129931865061521, -0.9792445085490274
7.260256689167635, -0.9175944185142523
7.376267949864964, -0.8303614396564429
7.4791833923918585, -0.7298461126252085
7.572393100829681, -0.6223045500639682
7.658689217920438, -0.5108125789463135
7.740082154954801, -0.3970294522856532
7.818031959940204, -0.281958410585785
7.893648136558505, -0.16628115944102112
7.967824001283394, -0.050520425215128666
8.041326107529184, 0.0648693162221292
8.114857360490262, 0.17944033219207448
8.189105906309628, 0.2926976826170275
8.264787079553553, 0.40403767829727333
8.342681930014919, 0.51266299253955
8.423670841339215, 0.6174529869952197
8.508749528969677, 0.7167579768162667
8.59898368552534, 0.8080776099354372
8.695266749136442, 0.8876065213634284
8.797471527501491, 0.9498216907719869
8.901884705066704, 0.9881471339551003
9., 1.
1., 1.125
1., 1.25
1., 1.375
1., 1.5
1., 1.625
1., 1.75
1., 1.875
1., 2.
9., 1.125
9., 1.25
9., 1.375
9., 1.5
9., 1.625
9., 1.75
9., 1.875
9., 2.
1.1481481481481481, 2.
1.2962962962962963, 2.
1.4444444444444444, 2.
1.5925925925925926, 2.
1.7407407407407407, 2.
1.8888888888888888, 2.
2.037037037037037, 2.
2.185185185185185, 2.
2.333333333333333, 2.
2.4814814814814814, 2.
2.6296296296296298, 2.
2.7777777777777777, 2.
2.9259259259259256, 2.
3.074074074074074, 2.
3.2222222222222223, 2.
3.3703703703703702, 2.
3.518518518518518, 2.
3.6666666666666665, 2.
3.814814814814815, 2.
3.962962962962963, 2.
4.111111111111111, 2.
4.2592592592592595, 2.
4.407407407407407, 2.
4.555555555555555, 2.
4.703703703703703, 2.
4.851851851851851, 2.
5., 2.
5.148148148148148, 2.
5.296296296296296, 2.
5.444444444444445, 2.
5.592592592592593, 2.
5.7407407407407405, 2.
5.888888888888888, 2.
6.037037037037036, 2.
6.185185185185185, 2.
6.333333333333333, 2.
6.481481481481481, 2.
6.62962962962963, 2.
6.777777777777778, 2.
6.925925925925926, 2.
7.0740740740740735, 2.
7.222222222222221, 2.
7.37037037037037, 2.
7.518518518518518, 2.
7.666666666666666, 2.
7.814814814814815, 2.
7.962962962962963, 2.
8.11111111111111, 2.
8.25925925925926, 2.
8.407407407407407, 2.
8.555555555555555, 2.
8.703703703703702, 2.
8.851851851851851, 2.
2.989772548393927, -0.6726461254658841
4.91211215033016, 1.3155010366759337
6.988855668469993, -0.6838936938017388
2.9699051847909472, -0.8371035402686813
4.931979510322737, 1.1510436069004473
6.970305070993093, -0.8427972935152261
4.386587074062386, 1.163267112604234
8.386587074062401, 1.1632671126042293
8.769880306345538, 1.1863841918943374
2.7770951495911183, -0.6904916981085331
6.778795534589196, -0.6958783689009465
4.519890657109044, 1.0018808049632686
8.519890657109057, 1.0018808049632653
8.812080088363189, 1.0714158323121812
2.706027191561963, -0.7765313606028877
6.709150463211312, -0.7811845741497253
4.589721704672275, 0.9173386293715897
8.589721704672288, 0.9173386293715872
8.909424226960024, 1.0863395722752953
8.655836411718235, 1.0792947266524453
2.836745960539655, -0.8121332773031343
2.637428615869733, -0.6474990112585164
6.8387948506843435, -0.815945237809126
6.6406864546189865, -0.6542070225844216
4.437043637268896, 0.8623389558312631
8.43704363726891, 0.8623389558312616
8.70346662942365, 0.9891927603032267
2.0721412544826117, 0.7205657402742228
1.4095022467150264, 1.3125
1.2168305259497854, 1.1875
1.3063512731481481, 1.6875
3.2962962962962963, 1.5146640038933028
6.076524371628555, 0.714160355706436
5.518518518518519, 1.5146640038933028
7.296296296296296, 1.5146640038933
8.693648726851851, 1.6875
3.1981993574853584, -0.714306027808561
3.326630118391219, -0.18727629095754184
5.074074074074074, 1.6425973205944981
4.62962962962963, 1.603470373273515
7.198566578426447, -0.7147943954521565
7.402082256584046, -0.08412896925556218
3.051644816094567, -0.9062305126388746
3.0871148582395707, -0.7813984725720093
7.052049223205596, -0.9087621502092228
7.086487519776224, -0.7824545351520198
4.185185185185185, 1.5606736102298753
8.185185185185185, 1.5606736102298693
8.858869053251697, 1.3125
2.917809215931008, -0.7473813086298127
2.8906437256073843, -0.8922470484456402
2.844868802178457, -0.22196394391285845
6.919464210918592, -0.7563274609266425
6.891130512038588, -0.8950941543468671
6.846257074126146, -0.2225948674263169
6.564879844670423, -0.43238056911304124
3.947876022925537, 0.7135352655900709
7.947876022925547, 0.7135352655900759
2.5555555555555554, 1.5146640038933015
1.7783190131563091, 0.8949518155681736
1.8814219525114386, 0.5841377426250005
2.2961510281368636, 0.3425472908377867
1.2190596529126088, 1.4375
1.4630949763667118, 1.0665910821768805
1.962962962962963, 1.5146640038933015
1.0994076521163907, 1.1875
1.0971393097170101, 1.080802799079549
1.1581190890330881, 1.313033439002261
1.244830341072088, 1.0535587063671896
1.2222222222222223, 1.841204833984375
1.146800193834995, 1.6875
1.5185185185185186, 1.7805052455070087
3.592592592592592, 1.6725407156942331
3.2962962962962963, 1.7629847543634793
6.555555555555555, 1.5146640038933
5.783270672517291, 0.8882767821590615
5.885662215947468, 0.5780758585340756
6.299387172703409, 0.3362450498643219
5.518518518518519, 1.7629847543634793
5.343027812276728, 1.234914830635574
5.962962962962962, 1.559485667357676
7.592592592592592, 1.672540715694232
7.296296296296296, 1.7629847543634778
8.853199806165005, 1.6875
8.62962962962963, 1.8459716378252526
3.266153340652704, -0.8046781251491697
3.341154048029618, -0.6775478819906834
3.168423176650632, -0.8561866277132697
3.42467173584813, -0.41882335131797394
3.5783235927373442, -0.2035158938942556
5.074074074074074, 1.8289748316945345
4.777777777777777, 1.7809789754480936
4.481481481481481, 1.7809789754480931
7.266361256989691, -0.8049546333767655
7.341248169334965, -0.6780757798330884
7.168614137096788, -0.8561424933520255
7.503380380810632, -0.31371175992487227
7.653445005217431, -0.091817718970893
4.185185185185185, 1.7865815568276704
8.333333333333332, 1.7616025499767365
8.037037037037036, 1.7616025499767365
2.506323397976089, -0.15846672140854123
2.774386310678643, -0.45093417110911926
6.468368043159889, -0.5073012346633898
6.540341495833578, -0.5973938163212396
6.42234977592552, -0.3483981768169604
6.766360030591851, -0.4873932996882822
4.129949979906267, 0.5829706384508574
3.722971125275595, 0.3500699133023185
8.129949979906279, 0.582970638450861
7.722971125275609, 0.35006991330232073
2.5555555555555554, 1.7629847543634787
1.6463289869833917, 0.7805518425412414
1.7815136954129498, 0.5126699712788644
1.9253308502584723, 0.41718818887362763
1.7486722963814207, 0.6641477328324575
1.8302178798863478, 0.429978017267935
2.1088595313542076, 0.22253674648197258
1.1006138760563502, 1.4375
1.1598367644844794, 1.5558252033210567
1.3841110747453893, 0.96155028084393
1.962962962962963, 1.7629847543634787
1.2837736143569667, 1.2953052476365459
1.3488795025716904, 1.1452069714102966
1.3703703703703702, 1.8687717921601492
1.2222222222222223, 1.9378792919362002
1.1041759754727698, 1.8125
1.09409624527692, 1.9137700193151455
1.5185185185185184, 1.9027517106305831
1.6776569807796373, 1.8416284780687961
1.6119912382738242, 1.9083887655762235
3.5925925925925926, 1.8446484505030694
3.888888888888889, 1.7105989680078242
3.2962962962962963, 1.8930675153868703
2.9999999999999996, 1.7078653041047802
6.555555555555555, 1.7629847543634778
5.651133317372365, 0.7745213252499961
5.785679124969922, 0.5067880298240601
5.929265389644963, 0.41116284126551833
5.7531787104631675, 0.6581291296649557
5.834217776867903, 0.42405760653336566
6.112342298206359, 0.21646743649089883
5.518518518518519, 1.8930675153868703
5.268776244201802, 1.082868487371027
5.962962962962963, 1.7859707450580422
7.592592592592592, 1.8446484505030687
7.296296296296296, 1.8930675153868695
7., 1.7078653041047809
8.62962962962963, 1.9407973711892983
8.481481481481481, 1.8695511620826093
8.777777777777777, 1.869551162082611
3.5282471305153886, -0.4989919436957603
3.2179993713965964, -0.4949506339107518
3.686935926203961, -0.2770905316803155
3.71027138058237, 0.03286609759078865
5.0740740740740735, 1.9305288222212438
4.925925925925926, 1.8663631967253371
5.222222222222221, 1.8663631967253382
4.777777777777777, 1.9030156104128553
4.629629629629629, 1.8419972929304744
4.481481481481482, 1.903015610412855
4.334434142335537, 1.841997292930475
7.609639570271995, -0.3897225690050684
7.191915230003605, -0.3933723773760655
7.762906826485977, -0.16337097882182833
4.185185185185185, 1.9061457322040773
4.029006052708383, 1.8463636445158738
8.333333333333332, 1.8923093017088635
8.037037037037036, 1.8923093017088637
2.361088408477582, -0.25718735036040424
2.300437551735187, 0.020545896669627098
2.7373820354850156, -0.5711466823019202
2.551803988853984, -0.43473098569781865
6.3131888479042, -0.2978058772005295
6.5286669538708075, 0.024060210041437713
6.446229616506451, -0.15381144866010196
6.402921636585269, -0.24725529910309546
6.567430246498819, -0.2667415297232196
6.3633129156295345, -0.423751776585632
6.73421677304038, -0.5939239525248765
6.878222688921951, -0.5916815691743169
6.651688886094601, -0.5109084129623086
4.225329375263531, 0.5145743922326087
4.268048208156335, 0.6748483083542085
4.087570249192463, 0.4231696044329634
3.905151873154506, 0.23314698525185396
8.225329375263543, 0.5145743922326117
8.268048208156348, 0.674848308354214
8.087570249192474, 0.4231696044329651
7.812385887875621, 0.12959701411033045
2.5555555555555554, 1.89306751538687
1.5740655889187227, 0.7179188464798403
1.524990063959435, 0.8796906583206686
1.9512165050293295, 0.2864656907991897
1.6689234581835823, 0.60787710127884
2.0103938259176357, 0.1594429962967449
2.1414899264157414, 0.06323201235729074
1.297037899379301, 1.5505122640178761
1.2265757334915715, 1.6289154958800105
1.0907624746199547, 1.6154691934054863
1.962962962962963, 1.89306751538687
2.259259259259259, 1.7078653041047809
1.3415852707738247, 1.0486000412019083
1.468373691968663, 1.1965358980431209
1.8148148148148149, 1.878744481716923
3.5925925925925926, 1.939984069867503
3.7407407407407405, 1.8693446914036298
3.4377719347785125, 1.8280261348751747
3.130921736275696, 1.828026134875175
2.8518518518518516, 1.8257591663605395
6.555555555555555, 1.8930675153868695
6.2592592592592595, 1.7078653041047809
5.578771057562595, 0.7122255276793203
5.530422220489762, 0.8738745683762652
5.954972945329245, 0.2805145124514852
5.673326576104054, 0.6021063000200527
6.013993325984454, 0.15348786967761738
6.144875981015735, 0.05738207181783597
5.686655045120615, 1.828026134875175
5.227730315311366, 0.9988179608233608
5.962962962962962, 1.905803639946294
5.823317695565087, 1.8722128246444014
6.119435821785285, 1.8458871925021694
7.592592592592592, 1.9399840698675026
7.7407407407407405, 1.8693446914036291
7.437771934778512, 1.8280261348751736
7.130921736275696, 1.8280261348751736
6.851851851851851, 1.8257591663605397
8.890354572425192, 1.8125
3.402470617960433, -0.5544989571484114
3.247106301053689, -0.6081492740826266
3.1044282063210606, -0.5844948249270887
3.5575347780300235, -0.35115990758496485
3.712009358076801, -0.12312148150473334
3.828101623812903, -0.04263584389926402
5.375028968709384, 1.828026134875175
4.62962962962963, 1.9383621731784757
4.333333333333334, 1.938358338495888
7.461027521634967, -0.485196708790906
7.23307218742683, -0.5533005245323052
7.634322037141501, -0.24057564546071816
4.037037037037036, 1.9408289205751206
3.888888888888889, 1.877145026141834
8.185185185185183, 1.8269559258428
2.2824656972898976, -0.3106295926544258
2.4011745970016327, -0.3884763701893141
2.2533494882422946, -0.16961490273487992
2.8758633043408, -0.5913457636546019
2.459350251390591, -0.5061855895705674
2.53621281309526, -0.5921868631874025
2.660272378740949, -0.4816088383089342
6.8682218170395215, -0.6816748111786349
7.043498876273428, -0.5058617158630678
4.330863157987112, 0.6054892483095375
4.380629346211, 0.7404261224570561
4.173088176947551, 0.3849768119530664
4.059581700739026, 0.29664397766597417
4.001109579878651, 0.17156168510448547
3.8816935174772262, 0.09104610516570999
8.330863157987125, 0.6054892483095416
8.380629346211014, 0.7404261224570567
8.173088176947564, 0.3849768119530692
8.059581700739042, 0.2966439776659761
7.9171404236433025, 0.06286942704912549
7.9772580668127455, 0.18652187348981486
7.792215203616434, -0.017658610105955014
1.4633735026158488, 0.8166028102784391
1.4829298582989587, 0.9694607331721627
1.6454175208214525, 0.9908531725417504
2.056905301102133, 0.0261593960137088
2.170630652017149, -0.06276368995169357
1.3505152539046619, 1.4302044388454878
1.467794767769523, 1.607713492836927
2.3901809955349558, 1.8280261348751743
2.128337522983563, 1.8280261348751743
1.6965612530765766, 1.3853054495369443
1.7908349010583535, 1.695376099297567
3.444444444444444, 1.929836535906878
3.226399318429023, 1.828026134875175
3.148148148148148, 1.9291032068031382
3., 1.8801313710209462
2.8518518518518516, 1.9286249407274134
2.6965736077736557, 1.8280261348751743
6.390180995534956, 1.8280261348751736
6.060461130378513, 0.020252353791075938
6.174297202582369, -0.06851584362153924
6.291434671688611, -0.15427181041830307
5.666666666666666, 1.928804364862404
5.590006585046266, 1.828026134875175
6.111111111111111, 1.9405205508536378
7.893064196380491, 1.8269559258428
7.444444444444445, 1.9298365359068774
7.2263993184290225, 1.8280261348751736
7.148148148148147, 1.9291032068031373
7., 1.8801313710209453
6.851851851851851, 1.9286249407274136
6.696573607773655, 1.8280261348751736
8.905522259813575, 1.9133178772001762
3.32709023228327, -0.47250994676432767
3.3121986597806083, -0.3299167695306534
3.432019986553518, -0.6460255248664588
3.0251109448233047, -0.3671000456717608
3.088408965832965, -0.6822992728517396
3.639512120434091, -0.41109141925341675
3.755096571589881, -0.2091642088998144
5.425405147700131, 1.9076886628903886
7.5568603000248125, -0.5211388785967146
7.516332498340913, -0.4078832047108074
7.445732948359941, -0.6093301382594036
7.25606508236518, -0.6426465626136699
7.717889292250516, -0.2980585251157325
3.8189939753248314, 1.7938719970748291
3.698352619096967, 1.7470904660220288
3.9440348640736564, 1.7938719970748291
4.050965508813122, 1.6631630174954717
8.238598600620612, 1.9064678120540228
8.131771769749754, 1.9064678120540228
2.489406679376419, -0.2897724380261878
2.378165203391264, -0.12611713347600778
6.9788528996719235, -0.583421765977026
3.7541944451014015, 0.18508068022523141
3.9550733466626826, 0.03870653610875841
7.903064115695528, 0.39762546952603367
7.873032740302277, -0.07142630070605163
1.594799222761563, 1.1263205195725237
2.268486366987067, -0.07245270407313026
1.3706224469568895, 1.6143199392989116
1.4181785246508567, 1.7209000294750214
1.523628718245328, 1.443326650456361
2.4856585776882825, 1.8280261348751743
2.4074074074074074, 1.929103206803138
2.032859940830236, 1.8280261348751743
2.259259259259259, 1.8801313710209457
2.111111111111111, 1.9291032068031377
1.7646743329630812, 1.7920494074234652
3.041549603893769, 1.7939983375628632
2.7037037037037037, 1.9298181729924746
6.485658577688282, 1.8280261348751736
6.4074074074074066, 1.9291032068031373
6.2592592592592595, 1.8801313710209453
6.336338863878168, 0.03573854589260656
6.211355764045598, -0.20524467656784218
7.943436617892255, 1.907248039395733
7.0415496038937695, 1.7939983375628632
6.703703703703704, 1.9298181729924742
3.440897644013858, -0.2708874352025822
3.1005264324136763, -0.4627514183980549
3.1893231364856516, -0.36918176724663065
2.9671788334511575, -0.49033213870672954
7.351675763276798, -0.5347323390156102
7.347034475490672, -0.3790196569651169
2.665193711173553, -0.2456773011876021
2.647032320982983, -0.36331556591790826
2.766610412894082, -0.3215553925846221
3.841937667653075, 0.17059581762874293
7.947452041975214, 0.29463613113227294
7.999768640716107, 0.3782445062661206
7.831057462436678, 0.3055307723901503
1.5569547264742893, 1.034989055797693
1.8600379282620192, 1.1482381610713934
1.5950546268834358, 1.2757051264088257
1.4397605790615278, 1.4012965505588744
2.217709655365489, 1.7939983375628632
6.206249020957762, 1.793998337562863
6.094883576252906, 1.666079921959226
6.277349502784656, -0.050631964124553286
6.386468343413377, -0.06182844577481013
2.866584421799534, -0.4911766506766535
3.008081727990431, -0.5778201301957354
2.5686496402691827, -0.23323908507617697
2.89613173279849, -0.3427892819490823
1.730512321849988, 1.0998400349143738
1.7505376316371872, 0.996491060802945
1.7493908694753488, 1.2468369519752311
1.9215346063920007, 1.3286325958317544
1.676015594845492, 1.18154967814538
1.8068019325465101, 1.3480531222869556
1.8805932951067876, 1.435378699654196
1.8350321199130715, 1.5651419614855235
1.8527220626610434, 1.2514115112559272
1.938029177088716, 1.63882437912839
1.6514672018861578, 1.5754626313925573
1.7722824325657098, 1.470229798151789
2.1124175204147453, 1.609261125877387
2.137383707603947, 1.7174060534688473
2.035482517447166, 1.6839765267631206
1.7453307506926543, 1.607316858546642
4.6797691032588355, 1.204003963641972
4.665472700679608, 1.051019229082095
8.57169954558707, 1.2831651781464208
8.528537363913689, 1.1447698152468624
8.447650963823166, 1.0779584041090624
8.222054687266532, 0.9809859013117895
8.32425042722055, 1.054137511606365
8.631553321400515, 1.188569922419159
8.468683588100244, 1.239365070974124
8.42456915816842, 1.4861648935979694
8.301953261274335, 1.3369052722250148
8.474888207443856, 1.3678166662627103
8.37055376854823, 1.2628972090777837
8.25353414416146, 0.8291915287696597
8.334881262196546, 0.9313242244177078
8.154709352683696, 1.1830316241242538
8.272598335655013, 1.1960282495697658
8.656717973513718, 1.4780808607678009
8.380353404697441, 1.3974939457465927
8.296004830265364, 1.4949139114283645
8.348240846407077, 0.8294227403111492
8.219578343208237, 1.0924070369138035
8.54006116698064, 1.4653981547148631
8.608001215284027, 1.3833306294744983
8.58457923831496, 1.5987683305848042
8.741034189414169, 1.3748296390810364
8.67995237690371, 1.285427154738543
8.369140142451185, 1.6206338970761716
8.56900433478646, 1.7293133556210916
8.860501784043803, 1.4581355638536588
8.7724251296807, 1.2790421750676455
8.47438920168354, 1.5853596520174906
8.252583967800385, 1.6660598801646938
8.44705847932807, 1.7154574701201812
8.911282357543561, 1.384739324929895
8.126475206443063, 1.6724662754059196
7.859509015250723, 1.4940345795044538
8.018815402135948, 1.5446140983845036
8.018808860233781, 1.6538739556792923
4.357805990106898, 1.0037472948137613
4.235308714534613, 0.8604801533905617
4.285861663803019, 0.7736930495732374
8.884997335442812, 1.1996099478337725
1.2265757334915715, 1.7437116098599579
5.124296795674785, 1.2577053482735678
5.089738767598214, 1.115545249297814
5.19146579350291, 1.16609663577746
5.027224124432962, 1.2060225239272016
5.00145296674354, 1.0914921915179396
2.05648434349907, 0.5409314230376709
1.898231995665926, 0.7621600405802266
1.7626786188805816, 0.7796547222206788
6.060590536697324, 0.5346210926355206
5.902529162278393, 0.7556425550351844
5.767185321034463, 0.7733388543058274
8.714774977524796, 1.788201526890589
8.80686257054852, 1.7692950998911863
4.9216327743382315, 1.7025958535931212
5.176384209019632, 1.7357860761445163
5.279399585136614, 1.5199309458764794
5.279951886379239, 1.7727635906824473
5.266692078041774, 1.6463756304804598
5.1717857783425885, 1.5729767999450166
5.021264208860903, 1.4651002430063154
5.078056570184538, 1.544807753990104
4.950982981534447, 1.5752625922528125
5.4006921831652335, 1.5959815610581336
5.379409992994853, 1.7110692468304942
4.791731649945824, 1.605604526747721
4.880785386358207, 1.4529778889081235
5.517233773543805, 1.638824379128391
5.736511983300211, 1.5790065178987298
5.63966938542336, 1.6996443156234091
5.618380437076612, 1.5777841560133168
5.679598685273615, 1.3703757536744754
5.678435677355065, 1.4827712114584524
5.845728191620801, 1.4282985186926442
4.862640832663654, 1.5446846130403022
4.751997452959866, 1.3513234322821075
4.747408601788194, 1.4822854886345604
5.7968663742778075, 1.7205910546103174
4.840578002306514, 1.3715082264262277
4.592111112876835, 1.7227338331019946
4.703632853970776, 1.6922838053358749
4.312037026877882, 1.6736275835287728
4.4662039045520965, 1.6175921769932602
6.5181078206065735, -0.3488212496047243
6.6952011079867555, -0.35154801646835043
6.595603300004951, -0.1150017130847365
3.962599212191915, 0.5418324468602915
2.255241229299035, 0.16952590590094918
3.427817330798227, 1.6632920118727605
3.5235291075423483, 1.7585945830986514
5.655600193204023, 0.9029551739590406
5.746682295969232, 1.1326051605429037
5.548933611160758, 1.0781476487194792
5.732070424089836, 1.0055132616531959
5.573370684158972, 0.9729578428098475
5.410779584454485, 0.990619082067867
5.97529154872627, 1.0419358260376719
5.655142272123162, 1.0787436812422388
5.6290712514217685, 1.22777151003593
5.358582024251965, 0.9147073890085397
5.848775608234198, 1.056481479453203
5.899464434773703, 0.9398841011571345
5.934325864640184, 1.243103658261869
5.871043517284589, 0.8472650764975996
6.020090643702242, 0.8521988367015892
5.8523302051049395, 1.1677718172688039
5.809183698139379, 1.2970254421893943
7.683070241247453, 1.7585945830986502
7.741571175618209, 1.6064949287606134
7.427817330798227, 1.6632920118727597
7.523529107542348, 1.7585945830986502
3.5750022970021993, -0.04664451084224612
5.312758639092311, 1.9035272147829776
7.525835098920523, -0.15102144911368126
7.409734243574917, -0.21789183472712562
7.186375029417077, -0.16356893490442603
7.410398510632714, -0.3109134320575946
7.3063294510309955, -0.156706868437389
7.253033427467135, -0.2769304094803282
7.117405815859659, -0.6130199123447324
7.148221143952517, -0.4898767739583381
6.908211487645758, -0.4473769838161253
7.034810095547162, -0.340244333200547
6.811797198822784, -0.37703226099856557
6.99808035121181, -0.4252078958634202
7.138902010479744, -0.2912858564406581
1.6310190635829904, 0.8856381280540284
2.698330172057336, 1.63882437912839
7.832367358432939, 1.9037231811821007
6.698330172057337, 1.6388243791283887
3.842277662591175, 1.2507348810277636
4.165196206189273, 1.6736275835287728
4.085565917725307, 1.760226822224017
3.806939473580252, 0.28051143025614367
3.920279022357326, 0.39002007141601003
4.010407179704191, 0.3738802676652314
7.977674037732683, 0.5378345562903034
6.253714647991961, 0.16250940133882058
3.109774988947864, -0.16636258005543442
7.276024922778091, -0.4569869119973125
7.876276093466463, 0.21177411817196345
1.5971081543459589, 1.3756087219314028
6.255527863044938, 1.3783399975474038
6.061780931063615, 1.7621799176416841
5.980486286929206, 1.672728206207859
5.871713246397458, 1.6315828507318249
5.864889076470626, 1.5291522072879729
1.636400689219827, 1.7113165371984942
1.5391339674582407, 1.6806125309109827
1.5513482650461616, 1.54441700263681
4.814861678643545, 1.2203238880817273
4.807088991543899, 1.0850134905557585
4.7231324029068915, 1.1227913034886075
4.554855708664854, 1.138516737614482
4.509042592308778, 1.3777792517309422
4.46170066151477, 1.0895633232028323
4.568128760050147, 1.2650755347797074
4.635775270628028, 1.4128124834339129
4.661992991835615, 1.304085232592851
4.444786303040121, 1.2722520364412768
4.319725617868809, 1.4207290663541767
4.407175618423421, 1.3674801246782586
4.446213364153539, 1.4902885104764558
4.653466778495205, 1.50881074294552
4.546912331916065, 1.5323093920193938
4.361222562664855, 1.568856040629793
8.063761878623032, 0.8689974577831509
8.053598411818948, 1.042127638491765
8.891549040358598, 1.5739224249287531
8.766182854657867, 1.545482336563671
8.681080300627519, 1.5915489209820548
7.999005350231041, 1.33084103840456
4.438308685477063, 0.9559522538134936
4.335834135676972, 0.8985310134639468
4.121911338793668, 0.7447774795164303
1.9571750591701114, 0.5148123881978101
1.8470200246178983, 0.6771910069790639
5.961284606590158, 0.5086791152480575
5.851336041033494, 0.6709209182626075
5.022723827768341, 1.7357860761445163
4.873682752932763, 1.7857928046061007
4.825027114427038, 1.696496071530856
5.723873436439503, 1.6680502006658449
5.866837917839539, 1.7865022822070604
4.2785735012323505, 1.7637535415401273
4.382417903424079, 1.7499398034646503
6.50495984253085, -0.07299161806334525
6.533259086057557, -0.18191176871978004
6.6957417316792665, -0.21207940942429293
6.766475645278994, -0.28208894740487167
6.829008978562738, 0.08298684567629544
6.747954960208297, -0.05803328251955365
6.685296513362416, -0.1226672698810593
4.057518925838671, 0.5166594438912965
4.0286788486067815, 0.6339813017340871
3.7139131525478413, 0.606990743559661
2.1658185338526983, 0.151209451616562
2.231457801114568, 0.08096503848594681
2.57515206308095, 0.18523215971540336
2.209452900525759, 0.2716993856063338
2.1594494109425297, 0.4213608948595136
2.0432218568777665, 0.37260876680953564
3.388725991752008, 1.7483220666960002
3.3057269124690163, 1.638824379128391
3.133914714882669, 1.589436055767427
3.180483667616639, 1.708604475703587
3.228995240529446, 1.5822142030533268
3.0903774024780843, 1.6751330624359213
3.5226101979635382, 1.4469041989268263
5.422231594731154, 1.1253379704846351
5.518685382269399, 1.1906209679366595
5.33416012279243, 1.1450918675296484
6.014648577420256, 1.3953203416760807
5.995931790829404, 0.761767038397238
5.9815750383670085, 0.6454424474327407
5.713020944947227, 1.2782800585013832
7.554859684786411, 1.3863797340195378
7.879666893141817, 1.6332454992606462
7.927766762834748, 1.5552156907579044
7.792504226179415, 1.7133851331134227
7.388725991752008, 1.7483220666959993
7.305726912469016, 1.638824379128389
7.133914714882668, 1.5894360557674245
7.180483667616638, 1.708604475703585
7.2289952405294455, 1.5822142030533244
7.090377402478084, 1.675133062435919
3.6215989184246267, -0.12412881369289988
3.4730676695085476, 0.2173279974652341
3.4568500611240336, -0.1276168920566958
3.4241584244261563, 0.04677378831920685
3.4789731709610026, -0.033210087232563135
3.3462231332305947, -0.05809568315866101
3.072952051665841, 0.22638385819445261
3.225052343371054, -0.10579368405882891
3.233474138664855, 0.10708950668026909
3.318393434223822, 0.04398048234512868
3.3483289386880997, 0.17294967324036828
3.092737411384048, 0.006048960522267444
3.2806767771422036, 0.560603744970895
3.222285540370194, 0.25968033750294633
3.1362163648838837, -0.07670207282710904
6.916831867616892, -0.3194055815097141
2.7728583831008056, 1.7341253369358403
2.8702627231862037, 1.5811600892615558
2.8859130885620714, 1.7165311803568075
2.7944982844938377, 1.6404101556445534
2.6548799572635575, 1.7330300157626697
2.5722898117536306, 1.63882437912839
2.3993604860753828, 1.5989237795605324
2.443816839188511, 1.7129825217491608
2.3522995458717535, 1.6829597735798454
2.493351290226617, 1.5862557589142372
6.772858383100806, 1.7341253369358398
6.870262723186205, 1.5811600892615567
6.885913088562072, 1.7165311803568077
6.794498284493838, 1.6404101556445536
6.6548799572635575, 1.7330300157626684
6.57228981175363, 1.638824379128389
6.399360486075382, 1.5989237795605304
6.443816839188511, 1.7129825217491594
6.3522995458717535, 1.6829597735798436
6.493351290226617, 1.5862557589142356
4.102409503810909, 1.1321830561416208
3.984937276547201, 1.437561283164336
8.067567841582063, 0.5139944402147738
8.031030507979033, 0.6372607192666677
8.059221125704804, 0.7514588904897342
8.149780125777983, 0.80681740578565
7.763353477173487, 0.5619259055273866
6.165875084310965, 0.1445458098495314
6.242693630839449, 0.06501531819424318
6.442544369128861, 0.19527010339168158
6.212330098201397, 0.2662599244295559
6.163727277057514, 0.41585807629075805
6.047436505898915, 0.36656187604764534
3.108284245239288, -0.2839567360402074
3.213412960143003, -0.22648292798949402
2.983493728410604, -0.22356823681870067
2.9991946565462126, -0.09024245403307331
2.899910586176158, 0.09978951598510298
2.9808736838083507, 0.021137527874914463
3.050252961136023, 0.11328977400549185
2.8294474493941912, -0.05374116160913918
3.143326951100522, 0.15343391950252006
6.213517813243701, 1.5435994800419008
6.482895514173049, 0.9608504974083827
4.275611666920283, 1.512963399241803
8.118783892692289, 0.959090889872708
7.805363061919915, 0.9406917742694925
8.773424266508428, 1.6387126952707596
8.114033397411653, 1.427985964344303
7.963740043186818, 1.4419134402780611
8.006406090182741, 1.1827222264882769
8.080669221036258, 1.1294319309834664
8.080395439443777, 1.2606633906211853
8.192846868214874, 1.2939240183600902
7.762699688668392, 1.2447897577933866
7.859098105335598, 1.3475552553402954
7.898119694999943, 1.0681569127199146
7.887292305862115, 1.2245122330926184
7.713899973027923, 1.4212028096354428
7.9827962390330125, 1.096579647606055
7.805047144119189, 1.4209471197860342
4.174143360205307, 0.6662692889794394
6.923230619625017, -0.06497258476017229
6.999777661913499, -0.1941946310029837
7.097042170137604, -0.2030449041488569
6.67397889897045, 0.07828961333366066
3.8187901505416213, 0.5001166704268653
2.4171642026164384, 0.13730310990936678
2.476622610225805, -0.006096619700300149
2.3814659446809436, 0.6484861642453283
3.515545660308873, 1.5727662725723244
3.403688955187355, 1.5521376948661691
5.9399939043294605, 1.4620351351484995
5.917936512904723, 1.3490530540794068
6.124732723242365, 1.2399294532073686
7.517560705847091, 1.5368661440249498
7.934409834393263, 1.7267778975208292
7.8046086520686, 1.803972645360587
3.5765124726824773, 0.10560625256229426
3.103977040926159, 0.43876376907634645
4.249093138302491, 1.1057179180937355
4.043522258615353, 0.935025051376281
4.061368328105166, 1.5376550516676706
3.9184261647236815, 1.5675768523578886
4.150386138120719, 1.3904534914215623
3.95930273548439, 1.6505798942731542
3.7711910661191634, 1.6117306139325964
3.804645513508237, 1.4273508329373659
4.135741875412996, 1.482114440540134
3.65002826212419, 1.5485527846038496
3.8925342681541433, 1.4723114389981793
3.9007606189525283, 1.3539578666263092
3.991817322412464, 1.2341891386294408
3.7461595679032857, 1.5119638895888499
3.6603706083362564, 1.3901453851492263
8.156283084290001, 0.6931144676018156
7.865743237108809, 0.507440906141996
7.896767032856535, 0.61449026469251
7.769959150562915, 0.45089010109481914
7.54719394141226, 0.49335188361060217
7.653205718489326, 0.4439442781387536
7.502545651016068, 0.25911570323758437
7.60125394006204, 0.3324735784196873
7.64660158443005, 0.16836658313451697
7.739310509343749, 0.23630185675977905
7.71067719210994, 0.06851952560984104
6.355167824416979, 0.13832153687570992
6.348936685525451, 0.24338748759264767
6.388487638355249, 0.6434596050934828
2.9014256821594784, -0.13196100438782
2.7231805649584415, 0.08796510620750375
2.7434986456565107, -0.14643852348917907
2.712047182785494, -0.0310823334701922
2.60048881316992, 0.03939498660026063
2.623127849008383, -0.11729154053035333
2.514855101769362, 0.09963707612403477
2.561636982948513, -0.04619734278723459
6.189306306718976, 1.6388429053084543
6.087524880420161, 1.5402576809267097
6.153216880522626, 1.4403012284177166
6.160598844306709, 1.3370413418683313
6.331903081670125, 1.4857244386062765
6.468648217056193, 1.3076145045857428
6.37294195071118, 1.3756838351500602
6.313125380034327, 1.1902643205023145
6.245203328490231, 1.2723207876349076
6.47984762029602, 1.4246777193096687
6.37233945378026, 1.2735199933041308
6.426787320728726, 1.505880488948008
6.260120853966512, 0.8697744114333872
8.105337695521632, 1.5180697757847506
8.222823026367463, 1.413042604112493
7.9436372111807465, 0.9375515644674884
7.8718890290811565, 0.8241457006614581
7.9754641685005625, 0.8138936633390493
7.637476076263863, 0.7675998007681424
7.783134532336437, 0.7073102222800931
7.746491894433526, 0.8298274032526493
7.673364880674347, 0.6482076621987635
7.4995037787682595, 0.6610357885272241
7.637472962863906, 0.5486234413401863
7.588890092059673, 0.6879049605944088
7.584583710608187, 0.9868669030378324
7.642790673636389, 0.8848947967001235
7.456658453759057, 0.8462468676307013
7.557108487816815, 0.8300091288404132
7.739049965859341, 1.086430107085731
7.696353101877024, 0.9830675926518649
7.81226734751332, 1.156441460041694
7.654930481068596, 1.309934494805418
7.476181117801204, 1.179663835887331
7.546213353427191, 1.2713396767449223
7.371878342132021, 1.3422875307393627
7.612861919499711, 1.1478389279187127
7.446170650810335, 1.2751763168801413
7.2857925672209785, 1.172313820181278
7.5250879232334675, 1.0802884727848618
7.45904565586192, 0.9725734565503977
7.703023913369295, 1.1727560763260185
7.19028988796099, 0.914466302470907
7.331526438303948, 0.9117973458176554
7.344674276150699, 1.048378004670662
7.256500723876176, 0.6798977940424447
7.382291082691118, 1.1422049005687682
7.202225047001625, 1.0566558132616433
7.342332364778215, 0.7802151496052422
7.262172309834888, 0.980028271922689
6.996179824877073, 1.2935511350455469
7.221565813351925, 0.7966656437616711
6.824570861842676, 0.754316176551981
7.019797914293401, 0.8061487112223698
7.122182309714499, 0.833331638274502
7.377445555311788, 0.6632947633119162
7.440004627940456, 0.7448330023280759
7.281350343536692, 0.4121019047679553
7.436444642634152, 0.5524778308745436
7.1268412945174555, 1.1991430149605256
7.015846380334558, 1.000704474605076
7.04860547740315, 0.9040518191835524
6.8871210065033175, 0.9031968159089211
7.428862190962405, 0.4049893927343968
7.199696044399213, 1.1465025541228235
7.120060110224708, 0.9919569415870655
7.07641078400979, 1.097089591194345
7.358673871677036, 0.4825369358660258
7.23314702340221, 0.5426798493279451
7.348565111587275, 0.2728835997467555
7.52696228888676, 0.39703138000149224
7.326855393920091, 0.5771949143595737
7.082610922431256, 0.6388965276845104
7.156759632232035, 0.7136668772960711
7.3528024113181685, 0.36076421189215185
7.03233098428917, 0.39436169555767653
7.154265855368312, 0.4393743938812007
7.126779180408891, 0.5421309121888446
7.156577725986142, 0.24545077080214117
7.2000404807751615, 0.34294450638994134
6.837408357808845, -0.015644596809353553
6.9136787542998634, -0.1579138501813852
6.625930608787205, -0.014763305810673054
6.75294019759774, 0.032905095321179974
6.5646552122794635, 0.14942893147637712
6.744651567223624, 0.30646768130334523
6.6769370158697186, 0.2024070213208609
6.7967815322832905, 0.19848356983867702
6.554960163338151, 0.355842032764662
6.981154737408867, 0.18768522695528606
6.427266442066736, 0.3448336336211128
6.584060891609926, 0.2537746346082633
6.88711508440474, 0.16144502068703265
6.966648717443191, 0.05804214175053157
7.0817338064615685, -0.0475858752017036
7.25118808902159, 0.015494529863903123
7.241905600964363, -0.08240708354460614
6.477931379914727, 0.5032436964638691
7.104535633073106, 0.10824679953781918
7.0750072329985905, 0.19791894393430964
7.052665740304878, 0.036251984431545245
7.227358820774577, 0.14013129089902082
7.255915021777446, 0.23576713426345325
3.903603414482408, 0.4764735819107874
3.862058414321629, 0.6196939172416568
3.688836006034698, 0.47748653784419426
3.4975180907548156, 0.581713335770252
3.550971919019806, 0.372271787531117
3.6097301254841656, 0.5599846388534245
3.5360323238918263, 0.48000093000485944
3.3974205084049753, 0.48566250136205746
3.6415362575232226, 0.3965341198986732
3.2648509878675696, 0.4075477569842857
3.3689647056200736, 0.31244376287483305
3.4683903971830654, 0.3167363343187056
3.3565789589089112, 0.4034251344112517
3.8163595316424748, 0.3960507230595951
2.3275887577331553, 0.11012845265034829
2.454749907596887, 0.2977609919650993
2.382953793022605, -0.02965095563641279
2.223603592128998, 0.5807237248494662
6.030333256387336, 1.289742792275828
7.512429233010174, 1.628288660781359
7.404340026842973, 1.551561561075196
7.379284470810314, 1.4482933974202619
7.617315561091802, 1.481725400964161
3.621525501592926, 0.029026896802336027
3.6741207910667733, 0.12574223214161834
3.4825190653046225, 0.1223277804054112
3.128973362298784, 0.3266561843444941
4.3364834529258856, 1.0899506735161613
4.261840643144311, 1.268283902683664
4.236556216470618, 0.9834163158888799
4.149162254902777, 0.9228287404527467
4.139212756795453, 1.0305043722324487
3.897279508542559, 1.0637998787827236
4.120235458083166, 1.2624630019042073
4.194061745658223, 1.191815954482983
4.048553187178355, 1.3468957102404029
3.6112482878765855, 1.4664795346919264
3.7542846446427784, 1.3243030952609063
3.4916271013844846, 1.0495601692802876
3.673657673328497, 1.1384601010675894
3.741398047519994, 1.2194825918837138
3.7887775643250654, 1.1110410065200382
3.677590481527283, 0.8995954090945656
3.7061564436098773, 1.0195304578416111
3.586608865305886, 0.7411899301261583
3.601741445763281, 1.0549031026320224
3.8282593853222897, 0.9270787252346875
3.794324755621906, 0.7677967648603137
7.488390975982483, 0.0769340767823094
7.599338213486229, 0.06755251147617825
7.535010911427061, -0.03246116324265161
7.355832783742667, 0.1000978565776071
7.349717141519924, 0.0006437532277752313
7.4368021065425305, 0.1725829846492525
6.228714955041177, 0.5764597390774207
2.814753048173961, 0.0459377764816985
6.14296924360579, 0.8218797804756725
6.2085204983827715, 0.7070932180665676
6.140885101898644, 0.9942030270383604
6.290593199454751, 0.6529030716629811
6.351488143848446, 0.7720358382981974
6.09892065658737, 0.9075212668874643
6.564704842025901, 0.7637800736828932
6.381265125982317, 0.8914467009033588
6.459667358276785, 0.8084777561968615
6.3528637897700255, 1.0421481140485085
6.4707043976813035, 1.148734532382308
6.476891283150732, 0.7031877296564761
7.813417632690215, 1.0323126090065813
7.227094886090791, 1.3088287362282698
7.277714217416831, 1.406360939581445
7.116794796047178, 1.427976464887079
7.313461166084398, 1.2650872181133668
7.112248991647593, 1.3131396287786261
6.916012647407037, 0.8034782825365824
6.935853646490415, 0.6569517526958728
7.016821329701627, 0.7096097522958025
6.73468343187112, 0.5393016231983283
6.6021702954333, 0.6155550531567178
6.815590414781686, 0.6317743560421116
6.7029553151391355, 0.7016287666880184
6.891664956636488, 0.4835843508589675
7.001602303033049, 0.5434574687770338
6.813436151215544, 1.1341950116404627
6.944514920873631, 1.1127468368899704
6.895512164277658, 1.22453317820057
6.848902990272584, 1.4004405100510129
6.748652744642312, 1.503864283626344
6.903516604485066, 1.32078262055425
6.9809750397870225, 1.4324388327321937
6.648054941071479, 1.3495180453572746
6.7699682065396445, 1.2834314125456412
6.578130300890895, 1.4188305239861718
6.86246760049855, 1.0225840233451313
6.670546129433877, 1.0048470599731845
6.763550514820537, 1.045704504879206
6.840924323991405, 1.4930056018022089
6.654129744266982, 1.5454814281349831
7.051720514759793, 1.5165138623254442
6.7426953951013715, 1.3977907985824085
6.635875900793669, 1.1815577519508944
6.708487891793365, 0.8555612690741545
6.6660260218977365, 1.4522148698331268
6.6799083623870015, 1.2627866018870924
6.492066315045991, 0.275890860164421
7.007532345040603, -0.10231795932342819
7.152426749219859, 0.021654704164914898
3.1977401790431523, 0.49183310393846846
3.0139146220061876, 0.7979202105063832
3.063579314253777, 0.6195038864462434
2.352234151506093, 0.23793967285434486
2.482388614139036, 0.20665590788202992
2.4186808916661366, 0.47324329915111424
2.1503304640813274, 0.5176264659665712
2.2766924597694715, 0.46675732435449
2.344079203768204, 0.5489736814152222
2.242889448490155, 0.7535572993388213
2.1246474189711955, 0.6254898215883242
7.477563028426102, 1.4470868793034528
7.641525874893697, 1.581871479941035
3.623178855306339, 0.2543182611074976
4.2972331013278975, 1.18372584043327
4.242713714246511, 1.3627589293865598
3.991532085449734, 1.1229263548168358
3.89893570273914, 1.1658462722894192
3.9896380515813457, 1.0212590977556415
3.524857149026029, 1.2567979372707345
3.6335847133062846, 1.2407929024931659
3.542049164817905, 1.1477581806814785
3.9020018823055502, 0.8281122428529976
4.020542255457436, 0.8091012464636275
3.934948309189597, 0.9296184476964506
3.763071611910605, 0.8577109950842338
3.782868767629176, 0.6730173112355324
7.543426991621282, 0.16429872114722704
6.155310459324499, 0.5127134597304536
6.281735735152046, 0.4615553025114325
6.3319042595096935, 0.5543897565177739
6.128850589734538, 0.6190398006278385
6.0857324359735125, 1.1139717537558382
6.216392692870628, 1.101556820646826
5.9844599158102865, 1.14855789473331
6.25463544040098, 0.9838620350509186
6.381283969486922, 1.1291618782152681
6.450116819168194, 1.0530611425164251
6.612164977764172, 0.4795635618981942
6.662797430439334, 0.3810671730571547
6.500333296427982, 0.6033349517347721
6.782391489511357, 0.4247137606329477
6.896856542734198, 0.32303494991034354
7.020038654848388, 1.1889496813099911
6.5405826637620335, 1.2290921689228507
6.805683825034332, 0.849831413672093
6.594713166032344, 0.9061092729723258
6.655275558911122, 0.7804081281994247
2.391265908475726, 0.37616035807633613
2.282335135450008, 0.6616628959344155
2.583236719224865, 1.0585167715556854
2.1059805274697867, 1.003780595194892
3.5587073353283594, 0.19287161771850247
3.5642172355133646, 1.3523295614524378
6.387832813345054, 0.4447530707626151
6.940321890265303, 0.40479910083209825
6.9992470929066934, 0.29287952776162324
2.4426160918992084, 0.8730546671480313
2.1343880061472813, 0.8567573620402373
2.366817241484378, 0.7730848790951046
2.2859528491302585, 0.9131185870419793
2.1518345576857305, 0.7664625335655718
1.9788553646135816, 0.9029617449955585
1.8755053984296441, 0.9761123931327176
1.824764094825683, 1.0583105548641598
2.2254470674897795, 0.8438565125917947
2.4039974482473982, 1.0483775693712303
2.1884114028629273, 0.9434516632253296
2.2432082532630226, 1.1048032180234784
1.9987529706232783, 0.7980849192129505
2.068638190254, 0.9203093685667428
1.879897910607273, 0.8661415907905903
1.9808521212175938, 1.0723368504075468
2.1044870973609395, 1.149524678351651
1.9815209964254377, 1.2075038010002546
2.1577370860087957, 1.0771906343914193
2.2532214278869254, 1.3733727844975414
2.210384881606221, 1.2404984290693726
2.4110846433863786, 1.2491381502265047
2.087026421455125, 1.3536092874649108
2.309133931606643, 1.282005413209122
2.330346001936667, 1.1732492737762654
2.0108705432364538, 1.2974563951852696
2.1079543348173946, 1.2526105594522692
2.174658600011314, 1.3253580883504925
2.379088713966249, 0.950976139454123
2.1567721033657588, 1.4757690414395368
2.2931604182229353, 1.5076142291424606
2.4041240281181255, 1.4021007691649054
2.064699014974222, 1.5192912428195497
2.3918263952088754, 1.500272289084077
1.9938617163882246, 1.410154332468173
2.5729338094314667, 1.3331428328359571
2.472578970010776, 1.3285761522157984
1.9874423231168643, 0.6374486054405807
5.03322625062546, 1.341752471694149
5.175411268272209, 1.404455218379934
5.239250502285688, 1.299942583315385
5.368007102485343, 1.3901016927251537
5.41343534608156, 1.48842403817226
5.273456442247988, 1.4207231758536063
5.452087531511921, 1.2969640856160882
5.490258975454218, 1.404301739734906
5.562403210313923, 1.3181896921522291
5.591797219027818, 1.4256709771734983
3.00239179817449, 1.5756427145741172
2.921268703813251, 1.2177818496445976
2.929050674318409, 1.4041430490703903
2.933211901982792, 1.5037953643939053
3.0831353720564065, 1.439681211428613
3.032718399863697, 1.3064710706929394
2.9385767897554627, 1.3104021852995615
2.7568446945910794, 1.3392887048155004
2.805366207425494, 1.4640636700356073
3.147712112936638, 1.0475960863571752
3.2521977737969197, 1.2995490815153656
3.370906502031192, 1.1735911807695967
2.6713449375654603, 1.4443589976538176
3.056593515796873, 1.1620986136737086
3.143644676291527, 1.3406339303724935
3.1607259355468704, 1.2218152800391346
3.2339787388256673, 1.4153615365805416
3.264575922729399, 1.192297507283136
3.383924955970899, 1.3796110327556506
2.726355408827097, 1.5358304108942162
2.908654031811448, 0.9948459578321116
3.0235351092056297, 1.0422851064343337
2.9302160799884356, 1.1054507264858326
3.006556133784825, 0.9205817335366588
2.7478713441031273, 1.1474485389092575
2.8256795789793654, 1.0684256744550775
2.7128707331642796, 0.8576390578641359
2.79440479691816, 0.9495834773000053
2.6736149508005522, 0.9745735432492129
2.8597663141233123, 0.8094990643612798
2.681423085787666, 1.073605124001858
2.616450424592283, 1.1988895608785581
2.55303485890758, 0.9353747850613956
2.9102615343976335, 0.8953011167121211
2.7104066124671924, 1.2453309047639696
2.8183069618555914, 1.2504565733574815
2.4964338163894486, 1.1531710219069375
2.4958098104879123, 1.0146844811224207
3.319928706961396, 1.0032092159656065
3.169268834129099, 1.4939614383347404
3.355497292547026, 1.2779861390915779
3.429733758985229, 1.4617587256499331
2.6980456545539093, 0.5642110191946038
2.927376030984374, 0.6777103823014299
3.018789385021492, 0.7031565746242976
3.2170067693645468, 0.7554703461554104
3.1342715932650482, 0.8666919282991788
2.780676318176684, 0.6856878444293851
2.929703826512486, 0.49469624072955504
2.975375626988844, 0.3466844733164999
3.267782524093704, 0.879624449993291
3.0985416424257592, 0.9602979032793064
2.7688890292731054, 0.7803842657875298
2.5992200750714387, 0.7162925844175754
2.969029471718066, 0.5867183065658776
2.847540073075508, 0.584222877926384
3.4019607791683146, 0.7522890574044996
3.2201857610017703, 0.9725015842084
2.683528498291293, 0.6629276678446614
2.54568560275437, 0.8194161662190442
2.4788595769444757, 0.7192673712171622
2.535511864387118, 0.5750379103468561
3.3101025930092947, 0.7898566333934985
3.2997497902184114, 0.6746705467193607
3.1836580071016107, 0.6385531639127239
3.3861341102953433, 0.6015983058648192
3.1204064091797967, 0.7198093663256875
3.4081619922271367, 0.8931856357487544
3.498605546518081, 0.8186202326021599
3.596314595780148, 0.8409461518584128
3.523431058608335, 0.9349458035932326
3.4157018506415806, 0.9896232982361235
3.6110610305227087, 0.963279203601088
2.6387977466745784, 0.3740085438081233
3.007507872251929, 0.43765180689804406
2.943803978155158, 0.22135388440141612
2.8040706952030905, 0.32319552588870226
2.7998898187367334, 0.4580249699543295
2.8944555114545922, 0.300426960741984
2.8194692978103597, 0.19754105223115292
2.696159834601541, 0.4604693765650736
2.5837623994076133, 0.47278025954220576
2.529417172155812, 0.377780602775161
2.581088358655662, 0.2883479632058651
2.69536326862964, 0.23004047098667077
2.8857049790640903, 0.4023470376298295
2.712614393040387, 0.31991491839723163
6.979054540989216, 1.599538433461987
6.570849944970854, 1.0770433546847837
2.2257074488241746, 1.5991900519769389
3.2492213323920933, 1.0851566816796105
3.4908770380153284, 0.6900466729029279